old_name	PANGAEA_ID	PANGAEA_ID_incorrect	equal
TARA_004_DCM_0.22-1.6	TARA_X000000368	TARA_X000000368	TRUE
TARA_004_SRF_0.22-1.6	TARA_Y200000002	TARA_Y200000002	TRUE
TARA_007_DCM_0.22-1.6	TARA_A200000159	TARA_A200000159	TRUE
TARA_007_SRF_0.22-1.6	TARA_A200000113	TARA_A200000113	TRUE
TARA_009_DCM_0.22-1.6	TARA_X000001036	TARA_X000001036	TRUE
TARA_009_SRF_0.22-1.6	TARA_X000000950	TARA_X000000950	TRUE
TARA_011_SRF_lt-0.22	TARA_X000001316	TARA_X000001316	TRUE
TARA_018_DCM_0.22-1.6	TARA_S200000501	TARA_S200000501	TRUE
TARA_018_DCM_lt-0.22	TARA_A100000172	TARA_A100000172	TRUE
TARA_018_SRF_0.22-1.6	TARA_A100000164	TARA_A100000164	TRUE
TARA_018_SRF_lt-0.22	TARA_A100000171	TARA_A100000171	TRUE
TARA_022_SRF_lt-0.22	TARA_S200002703	TARA_S200002703	TRUE
TARA_023_DCM_0.22-1.6	TARA_E500000081	TARA_E500000081	TRUE
TARA_023_DCM_lt-0.22	TARA_X000001382	TARA_X000001382	TRUE
TARA_023_SRF_0.22-1.6	TARA_E500000075	TARA_E500000075	TRUE
TARA_025_DCM_0.22-1.6	TARA_E500000331	TARA_E500000331	TRUE
TARA_025_DCM_lt-0.22	TARA_E500000305	TARA_E500000305	TRUE
TARA_025_SRF_0.22-1.6	TARA_E500000178	TARA_E500000178	TRUE
TARA_025_SRF_lt-0.22	TARA_E500000318	TARA_E500000318	TRUE
TARA_030_DCM_0.22-1.6	TARA_A100001011	TARA_A100001011	TRUE
TARA_030_DCM_lt-0.22	TARA_X000001388	TARA_X000001388	TRUE
TARA_030_SRF_0.22-1.6	TARA_A100001015	TARA_A100001015	TRUE
TARA_031_SRF_0.22-1.6	TARA_A100001388	TARA_A100001388	TRUE
TARA_031_SRF_lt-0.22	TARA_A100001391	TARA_A100001391	TRUE
TARA_032_DCM_0.22-1.6	TARA_A100001037	TARA_A100001037	TRUE
TARA_032_DCM_lt-0.22	TARA_A100001518	TARA_A100001518	TRUE
TARA_032_SRF_0.22-1.6	TARA_A100001035	TARA_A100001035	TRUE
TARA_032_SRF_lt-0.22	TARA_A100001515	TARA_A100001515	TRUE
TARA_033_SRF_0.22-1.6	TARA_A100001234	TARA_A100001234	TRUE
TARA_033_SRF_lt-0.22	TARA_A100001201	TARA_A100001201	TRUE
TARA_034_DCM_0.22-1.6	TARA_B100000029	TARA_B100000029	TRUE
TARA_034_DCM_lt-0.22	TARA_R100000008	TARA_R100000008	TRUE
TARA_034_SRF_0.1-0.22	TARA_Y100000004	TARA_Y100000004	TRUE
TARA_034_SRF_0.22-1.6	TARA_B100000003	TARA_B100000003	TRUE
TARA_034_SRF_lt-0.22	TARA_R100000005	TARA_R100000005	TRUE
TARA_036_DCM_0.22-1.6	TARA_B100000035	TARA_B100000035	TRUE
TARA_036_DCM_lt-0.22	TARA_R100000030	TARA_R100000030	TRUE
TARA_036_SRF_0.1-0.22	TARA_Y100000015	TARA_Y100000015	TRUE
TARA_036_SRF_0.22-1.6	TARA_Y100000022	TARA_Y100000022	TRUE
TARA_036_SRF_lt-0.22	TARA_R100000027	TARA_R100000027	TRUE
TARA_037_MES_0.1-0.22	TARA_Y100000310	TARA_Y100000310	TRUE
TARA_037_MES_0.22-1.6	TARA_B100000315	TARA_B100000315	TRUE
TARA_037_MES_lt-0.22	TARA_R100000049	TARA_R100000049	TRUE
TARA_038_DCM_0.22-1.6	TARA_B100000073	TARA_B100000073	TRUE
TARA_038_DCM_lt-0.22	TARA_R100000084	TARA_R100000084	TRUE
TARA_038_MES_0.1-0.22	TARA_Y100000296	TARA_Y100000296	TRUE
TARA_038_MES_0.22-1.6	TARA_Y100000294	TARA_Y100000294	TRUE
TARA_038_MES_lt-0.22	TARA_R100000093	TARA_R100000093	TRUE
TARA_038_SRF_0.1-0.22	TARA_Y100000289	TARA_Y100000289	TRUE
TARA_038_SRF_0.22-1.6	TARA_Y100000287	TARA_Y100000287	TRUE
TARA_038_SRF_lt-0.22	TARA_R100000081	TARA_R100000081	TRUE
TARA_039_DCM_0.22-1.6	TARA_B100000085	TARA_B100000085	TRUE
TARA_039_DCM_lt-0.22	TARA_R100000482	TARA_R100000482	TRUE
TARA_039_MES_0.1-0.22	TARA_Y100000034	TARA_Y100000034	TRUE
TARA_039_MES_0.22-1.6	TARA_Y100000031	TARA_Y100000031	TRUE
TARA_039_MES_lt-0.22	TARA_R100000501	TARA_R100000501	TRUE
TARA_039_SRF_0.1-0.22	TARA_Y100000033	TARA_Y100000033	TRUE
TARA_039_SRF_lt-0.22	TARA_R100000479	TARA_R100000479	TRUE
TARA_041_DCM_0.22-1.6	TARA_B100000287	TARA_B100000287	TRUE
TARA_041_DCM_lt-0.22	TARA_R100000458	TARA_R100000458	TRUE
TARA_041_SRF_0.1-0.22	TARA_Y100000052	TARA_Y100000052	TRUE
TARA_041_SRF_0.22-1.6	TARA_B100000282	TARA_B100000282	TRUE
TARA_041_SRF_lt-0.22	TARA_R100000455	TARA_R100000455	TRUE
TARA_042_DCM_0.22-1.6	TARA_B100000131	TARA_B100000131	TRUE
TARA_042_DCM_lt-0.22	TARA_R100000152	TARA_R100000152	TRUE
TARA_042_SRF_0.22-1.6	TARA_B100000123	TARA_B100000123	TRUE
TARA_042_SRF_lt-0.22	TARA_R100000149	TARA_R100000149	TRUE
TARA_045_SRF_0.22-1.6	TARA_B100000161	TARA_B100000161	TRUE
TARA_045_SRF_lt-0.22	TARA_R100000388	TARA_R100000388	TRUE
TARA_046_SRF_lt-0.22	TARA_R100000406	TARA_R100000406	TRUE
TARA_048_SRF_0.1-0.22	TARA_Y100000114	TARA_Y100000114	TRUE
TARA_048_SRF_0.22-1.6	TARA_B100000242	TARA_B100000242	TRUE
TARA_048_SRF_lt-0.22	TARA_R100000426	TARA_R100000426	TRUE
TARA_052_DCM_0.22-1.6	TARA_B100000214	TARA_B100000214	TRUE
TARA_052_DCM_lt-0.22	TARA_R100000234	TARA_R100000234	TRUE
TARA_052_SRF_0.22-1.6	TARA_B100000212	TARA_B100000212	TRUE
TARA_052_SRF_lt-0.22	TARA_R100000231	TARA_R100000231	TRUE
TARA_056_MES_0.22-3	TARA_B100000378	TARA_B100000378	TRUE
TARA_056_MES_lt-0.22	TARA_R100000365	TARA_R100000365	TRUE
TARA_056_SRF_0.22-3	TARA_B000000609	TARA_B000000609	TRUE
TARA_056_SRF_lt-0.22	TARA_R100000353	TARA_R100000353	TRUE
TARA_057_SRF_0.22-3	TARA_B000000565	TARA_B000000565	TRUE
TARA_058_DCM_0.22-3	TARA_B000000557	TARA_B000000557	TRUE
TARA_058_DCM_lt-0.22	TARA_R100000278	TARA_R100000278	TRUE
TARA_062_SRF_0.22-3	TARA_B000000532	TARA_B000000532	TRUE
TARA_062_SRF_lt-0.22	TARA_R100000329	TARA_R100000329	TRUE
TARA_064_DCM_0.1-0.22	TARA_Y100000401	TARA_Y100000401	TRUE
TARA_064_DCM_0.22-3	TARA_B100000405	TARA_B100000405	TRUE
TARA_064_DCM_lt-0.22	TARA_R100000315	TARA_R100000315	TRUE
TARA_064_MES_0.22-3	TARA_B100000408	TARA_B100000408	TRUE
TARA_064_MES_lt-0.22	TARA_R100000306	TARA_R100000306	TRUE
TARA_064_SRF_0.22-3	TARA_B100000401	TARA_B100000401	TRUE
TARA_064_SRF_lt-0.22	TARA_R100000322	TARA_R100000322	TRUE
TARA_065_DCM_0.1-0.22	TARA_Y100000361	TARA_Y100000361	TRUE
TARA_065_DCM_0.22-3	TARA_B000000441	TARA_B000000441	TRUE
TARA_065_DCM_lt-0.22	TARA_R100001198	TARA_R100001198	TRUE
TARA_065_MES_0.22-3	TARA_B000000460	TARA_B000000460	TRUE
TARA_065_SRF_0.1-0.22	TARA_Y100000356	TARA_Y100000356	TRUE
TARA_065_SRF_0.22-3	TARA_B000000437	TARA_B000000437	TRUE
TARA_065_SRF_lt-0.22	TARA_R100001230	TARA_R100001230	TRUE
TARA_066_DCM_0.22-3	TARA_B000000477	TARA_B000000477	TRUE
TARA_066_DCM_lt-0.22	TARA_R100000908	TARA_R100000908	TRUE
TARA_066_SRF_0.22-3	TARA_B000000475	TARA_B000000475	TRUE
TARA_066_SRF_lt-0.22	TARA_R100000900	TARA_R100000900	TRUE
TARA_067_SRF_0.22-0.45	TARA_Y100000389	TARA_Y100000389	TRUE
TARA_067_SRF_0.22-3	TARA_B100000497	TARA_B100000497	TRUE
TARA_067_SRF_0.45-0.8	TARA_Y100000385	TARA_Y100000385	TRUE
TARA_067_SRF_lt-0.22	TARA_R100000951	TARA_R100000951	TRUE
TARA_068_DCM_0.22-0.45	TARA_Y100000748	TARA_Y100000748	TRUE
TARA_068_DCM_0.22-3	TARA_B100000482	TARA_B100000482	TRUE
TARA_068_DCM_0.45-0.8	TARA_Y100000746	TARA_Y100000746	TRUE
TARA_068_DCM_lt-0.22	TARA_R100000995	TARA_R100000995	TRUE
TARA_068_MES_0.22-3	TARA_B100000470	TARA_B100000470	TRUE
TARA_068_MES_0.45-0.8	TARA_Y100000758	TARA_Y100000758	TRUE
TARA_068_MES_lt-0.22	TARA_R100000963	TARA_R100000963	TRUE
TARA_068_SRF_0.22-0.45	TARA_Y100000741	TARA_Y100000741	TRUE
TARA_068_SRF_0.22-3	TARA_B100000475	TARA_B100000475	TRUE
TARA_068_SRF_0.45-0.8	TARA_Y100000739	TARA_Y100000739	TRUE
TARA_068_SRF_lt-0.22	TARA_R100000988	TARA_R100000988	TRUE
TARA_070_MES_0.22-0.45	TARA_Y100000782	TARA_Y100000782	TRUE
TARA_070_MES_0.22-3	TARA_B100000446	TARA_B100000446	TRUE
TARA_070_MES_0.45-0.8	TARA_Y100000780	TARA_Y100000780	TRUE
TARA_070_MES_lt-0.22	TARA_R100001039	TARA_R100001039	TRUE
TARA_070_SRF_0.22-0.45	TARA_Y100000768	TARA_Y100000768	TRUE
TARA_070_SRF_0.22-3	TARA_B100000459	TARA_B100000459	TRUE
TARA_070_SRF_0.45-0.8	TARA_Y100000766	TARA_Y100000766	TRUE
TARA_070_SRF_lt-0.22	TARA_R100001015	TARA_R100001015	TRUE
TARA_072_DCM_0.22-3	TARA_B100000427	TARA_B100000427	TRUE
TARA_072_DCM_lt-0.22	TARA_R100001082	TARA_R100001082	TRUE
TARA_072_MES_0.22-3	TARA_B100000508	TARA_B100000508	TRUE
TARA_072_MES_lt-0.22	TARA_R100001086	TARA_R100001086	TRUE
TARA_072_SRF_0.22-3	TARA_B100000424	TARA_B100000424	TRUE
TARA_072_SRF_lt-0.22	TARA_R100001079	TARA_R100001079	TRUE
TARA_076_DCM_0.22-0.45	TARA_Y100000817	TARA_Y100000817	TRUE
TARA_076_DCM_0.22-3	TARA_B100000519	TARA_B100000519	TRUE
TARA_076_DCM_0.45-0.8	TARA_Y100000814	TARA_Y100000814	TRUE
TARA_076_DCM_lt-0.22	TARA_R100001129	TARA_R100001129	TRUE
TARA_076_MES_0.22-3	TARA_B100000749	TARA_B100000749	TRUE
TARA_076_MES_0.45-0.8	TARA_Y100000815	TARA_Y100000815	TRUE
TARA_076_MES_lt-0.22	TARA_R100001132	TARA_R100001132	TRUE
TARA_076_SRF_0.22-0.45	TARA_Y100000816	TARA_Y100000816	TRUE
TARA_076_SRF_0.22-3	TARA_B100000513	TARA_B100000513	TRUE
TARA_076_SRF_0.45-0.8	TARA_Y100000813	TARA_Y100000813	TRUE
TARA_076_SRF_lt-0.22	TARA_R100001126	TARA_R100001126	TRUE
TARA_078_DCM_0.22-0.45	TARA_Y100000996	TARA_Y100000996	TRUE
TARA_078_DCM_0.22-3	TARA_B100000530	TARA_B100000530	TRUE
TARA_078_DCM_0.45-0.8	TARA_Y100000994	TARA_Y100000994	TRUE
TARA_078_DCM_lt-0.22	TARA_R100001163	TARA_R100001163	TRUE
TARA_078_MES_0.22-3	TARA_B100000745	TARA_B100000745	TRUE
TARA_078_MES_0.45-0.8	TARA_Y100001001	TARA_Y100001001	TRUE
TARA_078_MES_lt-0.22	TARA_R100001143	TARA_R100001143	TRUE
TARA_078_SRF_0.22-0.45	TARA_Y100000992	TARA_Y100000992	TRUE
TARA_078_SRF_0.22-3	TARA_B100000524	TARA_B100000524	TRUE
TARA_078_SRF_0.45-0.8	TARA_Y100000991	TARA_Y100000991	TRUE
TARA_078_SRF_lt-0.22	TARA_R100001224	TARA_R100001224	TRUE
TARA_082_DCM_0.22-3	TARA_B100000767	TARA_B100000767	TRUE
TARA_082_DCM_lt-0.22	TARA_R100000544	TARA_R100000544	TRUE
TARA_082_SRF_0.22-3	TARA_B100000768	TARA_B100000768	TRUE
TARA_082_SRF_lt-0.22	TARA_R100000541	TARA_R100000541	TRUE
TARA_084_SRF_0.22-3	TARA_B100000780	TARA_B100000780	TRUE
TARA_084_SRF_lt-0.22	TARA_R100000935	TARA_R100000935	TRUE
TARA_085_DCM_0.22-3	TARA_B100000795	TARA_B100000795	TRUE
TARA_085_DCM_lt-0.22	TARA_R100001377	TARA_R100001377	TRUE
TARA_085_MES_0.22-3	TARA_B100000809	TARA_B100000809	TRUE
TARA_085_MES_lt-0.22	TARA_R100001244	TARA_R100001244	TRUE
TARA_085_SRF_0.22-3	TARA_B100000787	TARA_B100000787	TRUE
TARA_085_SRF_lt-0.22	TARA_R100001369	TARA_R100001369	TRUE
TARA_093_DCM_0.22-3	TARA_B100001059	TARA_B100001059	TRUE
TARA_093_SRF_0.22-3	TARA_B100001063	TARA_B100001063	TRUE
TARA_094_SRF_0.22-3	TARA_B100001057	TARA_B100001057	TRUE
TARA_096_SRF_0.22-3	TARA_B100000989	TARA_B100000989	TRUE
TARA_098_DCM_0.22-3	TARA_B100001029	TARA_B100001029	TRUE
TARA_098_MES_0.22-3	TARA_B100001013	TARA_B100001013	TRUE
TARA_098_SRF_0.22-3	TARA_B100001027	TARA_B100001027	TRUE
TARA_099_SRF_0.22-3	TARA_B100000886	TARA_B100000886	TRUE
TARA_100_DCM_0.22-3	TARA_B100000965	TARA_B100000965	TRUE
TARA_100_DCM_lt-0.22	TARA_R100001443	TARA_R100001443	TRUE
TARA_100_MES_0.22-3	TARA_B100000959	TARA_B100000959	TRUE
TARA_100_MES_lt-0.22	TARA_R100001530	TARA_R100001530	TRUE
TARA_100_SRF_0.22-3	TARA_B100000963	TARA_B100000963	TRUE
TARA_100_SRF_lt-0.22	TARA_R100001440	TARA_R100001440	TRUE
TARA_102_DCM_0.22-3	TARA_B100000902	TARA_B100000902	TRUE
TARA_102_DCM_lt-0.22	TARA_R100001463	TARA_R100001463	TRUE
TARA_102_MES_0.22-3	TARA_B100000953	TARA_B100000953	TRUE
TARA_102_MES_lt-0.22	TARA_R100001480	TARA_R100001480	TRUE
TARA_102_SRF_0.22-3	TARA_B100000900	TARA_B100000900	TRUE
TARA_102_SRF_lt-0.22	TARA_R100001460	TARA_R100001460	TRUE
TARA_109_DCM_0.22-3	TARA_B100000927	TARA_B100000927	TRUE
TARA_109_DCM_lt-0.22	TARA_R100001510	TARA_R100001510	TRUE
TARA_109_MES_0.22-3	TARA_B100000929	TARA_B100000929	TRUE
TARA_109_SRF_0.22-3	TARA_B100000925	TARA_B100000925	TRUE
TARA_109_SRF_lt-0.22	TARA_R100001509	TARA_R100001509	TRUE
TARA_110_DCM_0.22-3	TARA_B100001113	TARA_B100001113	TRUE
TARA_110_MES_0.22-3	TARA_B100001079	TARA_B100001079	TRUE
TARA_110_SRF_0.22-3	TARA_B100001109	TARA_B100001109	TRUE
TARA_111_DCM_0.22-3	TARA_B100000579	TARA_B100000579	TRUE
TARA_111_DCM_lt-0.22	TARA_R100000655	TARA_R100000655	TRUE
TARA_111_MES_0.22-3	TARA_B100000586	TARA_B100000586	TRUE
TARA_111_MES_lt-0.22	TARA_R100000656	TARA_R100000656	TRUE
TARA_111_SRF_0.22-3	TARA_B100000575	TARA_B100000575	TRUE
TARA_111_SRF_lt-0.22	TARA_R100000654	TARA_R100000654	TRUE
TARA_112_DCM_0.22-3	TARA_B100000945	TARA_B100000945	TRUE
TARA_112_MES_0.22-3	TARA_B100000949	TARA_B100000949	TRUE
TARA_112_SRF_0.22-3	TARA_B100000941	TARA_B100000941	TRUE
TARA_122_DCM_0.1-0.22	TARA_Y100001973	TARA_Y100001973	TRUE
TARA_122_DCM_0.22-0.45	TARA_Y100001970	TARA_Y100001970	TRUE
TARA_122_DCM_0.22-3	TARA_B100000700	TARA_B100000700	TRUE
TARA_122_DCM_0.45-0.8	TARA_Y100001968	TARA_Y100001968	TRUE
TARA_122_DCM_lt-0.22	TARA_R100000664	TARA_R100000664	TRUE
TARA_122_MES_0.1-0.22	TARA_Y100001951	TARA_Y100001951	TRUE
TARA_122_MES_0.22-0.45	TARA_Y100001949	TARA_Y100001949	TRUE
TARA_122_MES_0.22-3	TARA_B100000678	TARA_B100000678	TRUE
TARA_122_MES_0.45-0.8	TARA_Y100001947	TARA_Y100001947	TRUE
TARA_122_MES_lt-0.22	TARA_R100000687	TARA_R100000687	TRUE
TARA_122_SRF_0.1-0.22	TARA_Y100001972	TARA_Y100001972	TRUE
TARA_122_SRF_0.22-0.45	TARA_Y100001980	TARA_Y100001980	TRUE
TARA_122_SRF_0.22-3	TARA_B100001115	TARA_B100001115	TRUE
TARA_122_SRF_0.45-0.8	TARA_Y100001978	TARA_Y100001978	TRUE
TARA_122_SRF_lt-0.22	TARA_R100000657	TARA_R100000657	TRUE
TARA_123_MIX_0.1-0.22	TARA_Y100001963	TARA_Y100001963	TRUE
TARA_123_MIX_0.22-0.45	TARA_Y100001960	TARA_Y100001960	TRUE
TARA_123_MIX_0.22-3	TARA_B100000686	TARA_B100000686	TRUE
TARA_123_MIX_0.45-0.8	TARA_Y100001956	TARA_Y100001956	TRUE
TARA_123_MIX_lt-0.22	TARA_R100001594	TARA_R100001594	TRUE
TARA_123_SRF_0.22-0.45	TARA_Y100001958	TARA_Y100001958	TRUE
TARA_123_SRF_0.22-3	TARA_B100000683	TARA_B100000683	TRUE
TARA_123_SRF_0.45-0.8	TARA_Y100001954	TARA_Y100001954	TRUE
TARA_123_SRF_lt-0.22	TARA_R100001591	TARA_R100001591	TRUE
TARA_124_MIX_0.1-0.22	TARA_Y100001938	TARA_Y100001938	TRUE
TARA_124_MIX_0.22-0.45	TARA_Y100001936	TARA_Y100001936	TRUE
TARA_124_MIX_0.22-3	TARA_B100000676	TARA_B100000676	TRUE
TARA_124_MIX_0.45-0.8	TARA_Y100001934	TARA_Y100001934	TRUE
TARA_124_MIX_lt-0.22	TARA_R100000700	TARA_R100000700	TRUE
TARA_124_SRF_0.1-0.22	TARA_Y100001937	TARA_Y100001937	TRUE
TARA_124_SRF_0.22-0.45	TARA_Y100001935	TARA_Y100001935	TRUE
TARA_124_SRF_0.22-3	TARA_B100000674	TARA_B100000674	TRUE
TARA_124_SRF_0.45-0.8	TARA_Y100001933	TARA_Y100001933	TRUE
TARA_124_SRF_lt-0.22	TARA_R100000697	TARA_R100000697	TRUE
TARA_125_MIX_0.1-0.22	TARA_Y100000593	TARA_Y100000593	TRUE
TARA_125_MIX_0.22-0.45	TARA_Y100000591	TARA_Y100000591	TRUE
TARA_125_MIX_0.22-3	TARA_B100001123	TARA_B100001123	TRUE
TARA_125_MIX_0.45-0.8	TARA_Y100000589	TARA_Y100000589	TRUE
TARA_125_MIX_lt-0.22	TARA_R100000808	TARA_R100000808	TRUE
TARA_125_SRF_0.1-0.22	TARA_Y100000592	TARA_Y100000592	TRUE
TARA_125_SRF_0.22-0.45	TARA_Y100000590	TARA_Y100000590	TRUE
TARA_125_SRF_0.22-3	TARA_B100001121	TARA_B100001121	TRUE
TARA_125_SRF_0.45-0.8	TARA_Y100000588	TARA_Y100000588	TRUE
TARA_125_SRF_lt-0.22	TARA_R100000805	TARA_R100000805	TRUE
TARA_128_DCM_0.22-3	TARA_B100000614	TARA_B100000614	TRUE
TARA_128_SRF_0.22-3	TARA_B100000609	TARA_B100000609	TRUE
TARA_132_DCM_0.22-3	TARA_B100001250	TARA_B100001250	TRUE
TARA_132_MES_0.22-3	TARA_B100001245	TARA_B100001245	TRUE
TARA_132_SRF_0.22-3	TARA_B100001248	TARA_B100001248	TRUE
TARA_133_DCM_0.22-3	TARA_B100001094	TARA_B100001094	TRUE
TARA_133_MES_0.22-3	TARA_B100001105	TARA_B100001105	TRUE
TARA_133_SRF_0.22-3	TARA_B100001093	TARA_B100001093	TRUE
TARA_137_DCM_0.22-3	TARA_B100001964	TARA_B100001964	TRUE
TARA_137_DCM_lt-0.22	TARA_R100000742	TARA_R100000742	TRUE
TARA_137_MES_0.22-3	TARA_B100001971	TARA_B100001971	TRUE
TARA_137_MES_lt-0.22	TARA_R100000750	TARA_R100000750	TRUE
TARA_137_SRF_0.22-3	TARA_B100001287	TARA_B100001287	TRUE
TARA_137_SRF_lt-0.22	TARA_R100000734	TARA_R100000734	TRUE
TARA_138_DCM_0.22-3	TARA_B100001996	TARA_B100001996	TRUE
TARA_138_DCM_lt-0.22	TARA_R100000781	TARA_R100000781	TRUE
TARA_138_MES_0.22-3	TARA_B100002003	TARA_B100002003	TRUE
TARA_138_MES_lt-0.22	TARA_R100000789	TARA_R100000789	TRUE
TARA_138_SRF_0.22-3	TARA_B100001989	TARA_B100001989	TRUE
TARA_138_SRF_lt-0.22	TARA_R100000773	TARA_R100000773	TRUE
TARA_140_SRF_0.22-3	TARA_B100002019	TARA_B100002019	TRUE
TARA_141_SRF_0.22-3	TARA_B100001939	TARA_B100001939	TRUE
TARA_142_DCM_0.22-3	TARA_B100002052	TARA_B100002052	TRUE
TARA_142_MES_0.22-3	TARA_B100002049	TARA_B100002049	TRUE
TARA_142_SRF_0.22-3	TARA_B100002051	TARA_B100002051	TRUE
TARA_145_MES_0.22-3	TARA_B100001146	TARA_B100001146	TRUE
TARA_145_SRF_0.22-3	TARA_B100001142	TARA_B100001142	TRUE
TARA_146_MES_0.22-3	TARA_B100001167	TARA_B100001167	TRUE
TARA_146_SRF_0.22-3	TARA_B100001540	TARA_B100001540	TRUE
TARA_148_SRF_0.22-3	TARA_B100001741	TARA_B100001741	TRUE
TARA_148b_MES_0.22-3	TARA_B100001750	TARA_B100001750	TRUE
TARA_149_MES_0.22-3	TARA_B100001765	TARA_B100001765	TRUE
TARA_149_SRF_0.22-3	TARA_B100001758	TARA_B100001758	TRUE
TARA_150_DCM_0.22-3	TARA_B100001778	TARA_B100001778	TRUE
TARA_150_SRF_0.22-3	TARA_B100001769	TARA_B100001769	TRUE
TARA_151_DCM_0.22-3	TARA_B100001559	TARA_B100001559	TRUE
TARA_151_SRF_0.22-3	TARA_B100001564	TARA_B100001564	TRUE
TARA_152_MES_0.22-3	TARA_B100001179	TARA_B100001179	TRUE
TARA_152_MIX_0.22-3	TARA_B100001175	TARA_B100001175	TRUE
TARA_152_SRF_0.22-3	TARA_B100001173	TARA_B100001173	TRUE
TARA_155_DCM_0.22-3	TARA_B110000008	TARA_B110001437	FALSE
TARA_155_DCM_lt-0.22	TARA_R110002012	TARA_R110002012	TRUE
TARA_155_MES_0.22-3	TARA_B110000014	TARA_B110001440	FALSE
TARA_155_MES_lt-0.22	TARA_R110002020	TARA_R110002020	TRUE
TARA_155_SRF_0.22-3	TARA_B110000003	TARA_B110001435	FALSE
TARA_155_SRF_lt-0.22	TARA_R110002003	TARA_R110002003	TRUE
TARA_158_DCM_0.22-3	TARA_B110001452	TARA_B110001446	FALSE
TARA_158_DCM_lt-0.22	TARA_R110002050	TARA_R110002050	TRUE
TARA_158_MES_0.22-3	TARA_B110001454	TARA_B110001449	FALSE
TARA_158_MES_lt-0.22	TARA_R110002051	TARA_R110002051	TRUE
TARA_158_SRF_0.22-3	TARA_B110001450	TARA_B110001444	FALSE
TARA_158_SRF_lt-0.22	TARA_R110002049	TARA_R110002049	TRUE
TARA_163_MES_0.22-3	TARA_B110000196	TARA_B110000200	FALSE
TARA_163_MES_lt-0.22	TARA_R110002060	TARA_R110002060	TRUE
TARA_163_SRF_0.22-3	TARA_B110001469	TARA_B110001467	FALSE
TARA_163_SRF_lt-0.22	TARA_R110002033	TARA_R110002033	TRUE
TARA_168_DCM_0.22-3	TARA_B110000046	TARA_B110000044	FALSE
TARA_168_DCM_lt-0.22	TARA_R110002073	TARA_R110002073	TRUE
TARA_168_IZZ_0.22-3	TARA_B110000037	TARA_B110000035	FALSE
TARA_168_IZZ_lt-0.22	TARA_R110002074	TARA_R110002074	TRUE
TARA_168_SRF_0.22-3	TARA_B110000027	TARA_B110000023	FALSE
TARA_168_SRF_lt-0.22	TARA_R110002072	TARA_R110002072	TRUE
TARA_173_DCM_0.22-3	TARA_B110000093	TARA_B110000085	FALSE
TARA_173_DCM_lt-0.22	TARA_R110002096	TARA_R110002096	TRUE
TARA_173_IZZ_0.22-3	TARA_B110000091	TARA_B110000091	TRUE
TARA_173_SRF_0.22-3	TARA_B110000090	TARA_B110000083	FALSE
TARA_173_SRF_lt-0.22	TARA_R110002095	TARA_R110002095	TRUE
TARA_175_IZZ_lt-0.22	TARA_R110002094	TARA_R110002094	TRUE
TARA_175_SRF_0.22-3	TARA_B110000114	TARA_B110000110	FALSE
TARA_175_SRF_lt-0.22	TARA_R110002110	TARA_R110002110	TRUE
TARA_175_ZZZ_0.22-3	TARA_B110000116	TARA_B110000112	FALSE
TARA_175_ZZZ_lt-0.22	TARA_R110002111	TARA_R110002111	TRUE
TARA_178_SRF_0.22-3	TARA_B110000208	TARA_B110000204	FALSE
TARA_178_SRF_lt-0.22	TARA_R110002124	TARA_R110002124	TRUE
TARA_180_SRF_0.22-3	TARA_B110000503	TARA_B110000501	FALSE
TARA_180_SRF_lt-0.22	TARA_R110000868	TARA_R110000868	TRUE
TARA_180_ZZZ_0.22-3	TARA_B110000211	TARA_B110000206	FALSE
TARA_180_ZZZ_lt-0.22	TARA_R110002126	TARA_R110002126	TRUE
TARA_188_DCM_0.22-3	TARA_B110000240	TARA_B110000235	FALSE
TARA_188_DCM_lt-0.22	TARA_R110000851	TARA_R110000851	TRUE
TARA_188_SRF_0.22-3	TARA_B110000238	TARA_B110000233	FALSE
TARA_188_SRF_lt-0.22	TARA_R110000850	TARA_R110000850	TRUE
TARA_189_DCM_0.22-3	TARA_B110000261	TARA_B110000255	FALSE
TARA_189_DCM_lt-0.22	TARA_R110000823	TARA_R110000823	TRUE
TARA_189_MES_0.22-3	TARA_B110000263	TARA_B110000257	FALSE
TARA_189_MES_lt-0.22	TARA_R110000824	TARA_R110000824	TRUE
TARA_189_SRF_0.22-3	TARA_B110000259	TARA_B110000253	FALSE
TARA_189_SRF_lt-0.22	TARA_R110000822	TARA_R110000822	TRUE
TARA_191_SRF_0.22-3	TARA_B110000285	TARA_B110000283	FALSE
TARA_191_SRF_lt-0.22	TARA_R110000803	TARA_R110000803	TRUE
TARA_193_SRF_0.22-3	TARA_B110000977	TARA_B110000975	FALSE
TARA_193_SRF_lt-0.22	TARA_R110000796	TARA_R110000796	TRUE
TARA_194_DCM_0.22-3	TARA_B110000967	TARA_B110000966	FALSE
TARA_194_DCM_lt-0.22	TARA_R110000787	TARA_R110000787	TRUE
TARA_194_SRF_0.22-3	TARA_B110000971	TARA_B110000969	FALSE
TARA_194_SRF_lt-0.22	TARA_R110000782	TARA_R110000782	TRUE
TARA_196_SRF_0.22-3	TARA_B110000305	TARA_B110000303	FALSE
TARA_196_SRF_lt-0.22	TARA_R110000772	TARA_R110000772	TRUE
TARA_201_DCM_0.22-3	TARA_B110000908	TARA_B110000906	FALSE
TARA_201_DCM_lt-0.22	TARA_R110000744	TARA_R110000744	TRUE
TARA_201_MES_0.22-3	TARA_B110000914	TARA_B110000913	FALSE
TARA_201_MES_lt-0.22	TARA_R110000751	TARA_R110000751	TRUE
TARA_201_SRF_0.22-3	TARA_B110000902	TARA_B110000901	FALSE
TARA_201_SRF_lt-0.22	TARA_R110000737	TARA_R110000737	TRUE
TARA_205_MES_0.22-3	TARA_B110000881	TARA_B110000878	FALSE
TARA_205_MES_lt-0.22	TARA_R110000765	TARA_R110000765	TRUE
TARA_205_SRF_0.22-3	TARA_B110000879	TARA_B110000875	FALSE
TARA_205_SRF_lt-0.22	TARA_R110000764	TARA_R110000764	TRUE
TARA_206_MES_0.22-3	TARA_B110000495	TARA_B110000494	FALSE
TARA_206_MES_lt-0.22	TARA_R110002167	TARA_R110002167	TRUE
TARA_206_SRF_0.22-3	TARA_B110000483	TARA_B110000481	FALSE
TARA_206_SRF_lt-0.22	TARA_R110002153	TARA_R110002153	TRUE
TARA_208_SRF_0.22-3	TARA_B110000858	TARA_B110000857	FALSE
TARA_208_SRF_lt-0.22	TARA_R110001632	TARA_R110001632	TRUE
TARA_209_MES_0.22-3	TARA_B110000467	TARA_B110000465	FALSE
TARA_209_MES_lt-0.22	TARA_R110001599	TARA_R110001599	TRUE
TARA_209_SRF_0.22-3	TARA_B110000459	TARA_B110000457	FALSE
TARA_209_SRF_lt-0.22	TARA_R110001606	TARA_R110001606	TRUE
TARA_210_MES_0.22-3	TARA_B110000438	TARA_B110000436	FALSE
TARA_210_MES_lt-0.22	TARA_R110001583	TARA_R110001583	TRUE
TARA_210_SRF_0.22-3	TARA_B110000444	TARA_B110000442	FALSE
TARA_210_SRF_lt-0.22	TARA_R110001592	TARA_R110001592	TRUE
