old_name	PANGAEA_ID
TARA_004_DCM_0.22-1.6_G	TARA_X000000368
TARA_004_SRF_0.22-1.6_G	TARA_Y200000002
TARA_007_DCM_0.22-1.6_G	TARA_A200000159
TARA_007_SRF_0.22-1.6_G	TARA_A200000113
TARA_009_DCM_0.22-1.6_G	TARA_X000001036
TARA_009_SRF_0.22-1.6_G	TARA_X000000950
TARA_011_SRF_0.22-1.6_T	TARA_X100000009
TARA_011_SRF_lt-0.22_G	TARA_X000001316
TARA_015_SRF_0.22-1.6_T	TARA_A200000327
TARA_016_SRF_0.22-1.6_T	TARA_A200000369
TARA_018_DCM_0.22-1.6_G	TARA_S200000501
TARA_018_DCM_lt-0.22_G	TARA_A100000172
TARA_018_SRF_0.22-1.6_G	TARA_A100000164
TARA_018_SRF_0.22-1.6_T	TARA_A100000165
TARA_018_SRF_lt-0.22_G	TARA_A100000171
TARA_019_SRF_0.22-1.6_T	TARA_A100000220
TARA_022_DCM_0.22-1.6_T	TARA_S200002603
TARA_022_SRF_lt-0.22_G	TARA_S200002703
TARA_023_DCM_0.22-1.6_G	TARA_E500000081
TARA_023_DCM_lt-0.22_G	TARA_X000001382
TARA_023_SRF_0.22-1.6_G	TARA_E500000075
TARA_025_DCM_0.22-1.6_G	TARA_E500000331
TARA_025_DCM_0.22-1.6_T	TARA_E500000176
TARA_025_DCM_lt-0.22_G	TARA_E500000305
TARA_025_SRF_0.22-1.6_G	TARA_E500000178
TARA_025_SRF_lt-0.22_G	TARA_E500000318
TARA_030_DCM_0.22-1.6_G	TARA_A100001011
TARA_030_DCM_lt-0.22_G	TARA_X000001388
TARA_030_SRF_0.22-1.6_G	TARA_A100001015
TARA_031_SRF_0.22-1.6_G	TARA_A100001388
TARA_031_SRF_0.22-1.6_T	TARA_A100001401
TARA_031_SRF_lt-0.22_G	TARA_A100001391
TARA_032_DCM_0.22-1.6_G	TARA_A100001037
TARA_032_DCM_lt-0.22_G	TARA_A100001518
TARA_032_SRF_0.22-1.6_G	TARA_A100001035
TARA_032_SRF_0.22-1.6_T	TARA_A100001026
TARA_032_SRF_lt-0.22_G	TARA_A100001515
TARA_033_SRF_0.22-1.6_G	TARA_A100001234
TARA_033_SRF_0.22-1.6_T	TARA_A100001195
TARA_033_SRF_lt-0.22_G	TARA_A100001201
TARA_034_DCM_0.22-1.6_G	TARA_B100000029
TARA_034_DCM_lt-0.22_G	TARA_R100000008
TARA_034_SRF_0.1-0.22_G	TARA_Y100000004
TARA_034_SRF_0.22-1.6_G	TARA_B100000003
TARA_034_SRF_lt-0.22_G	TARA_R100000005
TARA_036_DCM_0.22-1.6_G	TARA_B100000035
TARA_036_DCM_lt-0.22_G	TARA_R100000030
TARA_036_SRF_0.1-0.22_G	TARA_Y100000015
TARA_036_SRF_0.22-1.6_G	TARA_Y100000022
TARA_036_SRF_lt-0.22_G	TARA_R100000027
TARA_037_MES_0.1-0.22_G	TARA_Y100000310
TARA_037_MES_0.22-1.6_G	TARA_B100000315
TARA_037_MES_0.22-1.6_T	TARA_B100000315
TARA_037_MES_lt-0.22_G	TARA_R100000049
TARA_038_DCM_0.22-1.6_G	TARA_B100000073
TARA_038_DCM_lt-0.22_G	TARA_R100000084
TARA_038_MES_0.1-0.22_G	TARA_Y100000296
TARA_038_MES_0.22-1.6_G	TARA_Y100000294
TARA_038_MES_0.22-1.6_T	TARA_B100000071
TARA_038_MES_lt-0.22_G	TARA_R100000093
TARA_038_SRF_0.1-0.22_G	TARA_Y100000289
TARA_038_SRF_0.22-1.6_G	TARA_Y100000287
TARA_038_SRF_lt-0.22_G	TARA_R100000081
TARA_039_DCM_0.22-1.6_G	TARA_B100000085
TARA_039_DCM_0.22-1.6_T	TARA_B100000091
TARA_039_DCM_lt-0.22_G	TARA_R100000482
TARA_039_MES_0.1-0.22_G	TARA_Y100000034
TARA_039_MES_0.22-1.6_G	TARA_Y100000031
TARA_039_MES_0.22-1.6_T	TARA_B100000101
TARA_039_MES_lt-0.22_G	TARA_R100000501
TARA_039_SRF_0.1-0.22_G	TARA_Y100000033
TARA_039_SRF_0.22-1.6_T	TARA_B100000089
TARA_039_SRF_lt-0.22_G	TARA_R100000479
TARA_040_MES_0.22-1.6_T	TARA_B100000120
TARA_040_SRF_0.22-1.6_T	TARA_B100000110
TARA_040_ZZZ_0.22-1.6_T	TARA_B100000112,TARA_B100000114,TARA_B100000116,TARA_B100000118
TARA_041_DCM_0.22-1.6_G	TARA_B100000287
TARA_041_DCM_0.22-1.6_T	TARA_B100000287
TARA_041_DCM_lt-0.22_G	TARA_R100000458
TARA_041_SRF_0.1-0.22_G	TARA_Y100000052
TARA_041_SRF_0.22-1.6_G	TARA_B100000282
TARA_041_SRF_0.22-1.6_T	TARA_B100000282
TARA_041_SRF_lt-0.22_G	TARA_R100000455
TARA_042_DCM_0.22-1.6_G	TARA_B100000131
TARA_042_DCM_0.22-1.6_T	TARA_B100000133
TARA_042_DCM_lt-0.22_G	TARA_R100000152
TARA_042_SRF_0.22-1.6_G	TARA_B100000123
TARA_042_SRF_0.22-1.6_T	TARA_B100000127
TARA_042_SRF_lt-0.22_G	TARA_R100000149
TARA_043_SRF_0.22-1.6_T	TARA_B100000143
TARA_044_SRF_0.22-1.6_T	TARA_B100000267
TARA_045_SRF_0.22-1.6_G	TARA_B100000161
TARA_045_SRF_lt-0.22_G	TARA_R100000388
TARA_046_SRF_0.22-1.6_T	TARA_B100000261
TARA_046_SRF_lt-0.22_G	TARA_R100000406
TARA_047_SRF_0.22-1.6_T	TARA_B100000248
TARA_048_SRF_0.1-0.22_G	TARA_Y100000114
TARA_048_SRF_0.22-1.6_G	TARA_B100000242
TARA_048_SRF_lt-0.22_G	TARA_R100000426
TARA_049_SRF_0.22-1.6_T	TARA_B100000236
TARA_050_SRF_0.22-1.6_T	TARA_B100000178
TARA_051_SRF_0.22-1.6_T	TARA_B100000194
TARA_052_DCM_0.22-1.6_G	TARA_B100000214
TARA_052_DCM_0.22-1.6_T	TARA_B100000214
TARA_052_DCM_lt-0.22_G	TARA_R100000234
TARA_052_SRF_0.22-1.6_G	TARA_B100000212
TARA_052_SRF_0.22-1.6_T	TARA_B100000212
TARA_052_SRF_lt-0.22_G	TARA_R100000231
TARA_053_SRF_0.22-1.6_T	TARA_B100000353
TARA_054_SRF_0.22-1.6_T	TARA_B100000355
TARA_056_MES_0.22-3_G	TARA_B100000378
TARA_056_MES_lt-0.22_G	TARA_R100000365
TARA_056_SRF_0.22-3_G	TARA_B000000609
TARA_056_SRF_lt-0.22_G	TARA_R100000353
TARA_057_SRF_0.22-3_G	TARA_B000000565
TARA_058_DCM_0.22-3_G	TARA_B000000557
TARA_058_DCM_lt-0.22_G	TARA_R100000278
TARA_062_SRF_0.22-3_G	TARA_B000000532
TARA_062_SRF_lt-0.22_G	TARA_R100000329
TARA_064_DCM_0.1-0.22_G	TARA_Y100000401
TARA_064_DCM_0.22-3_G	TARA_B100000405
TARA_064_DCM_lt-0.22_G	TARA_R100000315
TARA_064_MES_0.22-3_G	TARA_B100000408
TARA_064_MES_lt-0.22_G	TARA_R100000306
TARA_064_SRF_0.22-3_G	TARA_B100000401
TARA_064_SRF_lt-0.22_G	TARA_R100000322
TARA_065_DCM_0.1-0.22_G	TARA_Y100000361
TARA_065_DCM_0.22-3_G	TARA_B000000441
TARA_065_DCM_lt-0.22_G	TARA_R100001198
TARA_065_MES_0.22-3_G	TARA_B000000460
TARA_065_SRF_0.1-0.22_G	TARA_Y100000356
TARA_065_SRF_0.22-3_G	TARA_B000000437
TARA_065_SRF_lt-0.22_G	TARA_R100001230
TARA_066_DCM_0.22-3_G	TARA_B000000477
TARA_066_DCM_lt-0.22_G	TARA_R100000908
TARA_066_SRF_0.22-3_G	TARA_B000000475
TARA_066_SRF_lt-0.22_G	TARA_R100000900
TARA_067_SRF_0.22-0.45_G	TARA_Y100000389
TARA_067_SRF_0.22-3_G	TARA_B100000497
TARA_067_SRF_0.22-3_T	TARA_B100000493
TARA_067_SRF_0.45-0.8_G	TARA_Y100000385
TARA_067_SRF_lt-0.22_G	TARA_R100000951
TARA_068_DCM_0.22-0.45_G	TARA_Y100000748
TARA_068_DCM_0.22-3_G	TARA_B100000482
TARA_068_DCM_0.22-3_T	TARA_B100000480
TARA_068_DCM_0.45-0.8_G	TARA_Y100000746
TARA_068_DCM_lt-0.22_G	TARA_R100000995
TARA_068_MES_0.22-3_G	TARA_B100000470
TARA_068_MES_0.45-0.8_G	TARA_Y100000758
TARA_068_MES_lt-0.22_G	TARA_R100000963
TARA_068_SRF_0.22-0.45_G	TARA_Y100000741
TARA_068_SRF_0.22-3_G	TARA_B100000475
TARA_068_SRF_0.22-3_T	TARA_B100000473
TARA_068_SRF_0.45-0.8_G	TARA_Y100000739
TARA_068_SRF_lt-0.22_G	TARA_R100000988
TARA_070_MES_0.22-0.45_G	TARA_Y100000782
TARA_070_MES_0.22-3_G	TARA_B100000446
TARA_070_MES_0.22-3_T	TARA_B100000444
TARA_070_MES_0.45-0.8_G	TARA_Y100000780
TARA_070_MES_lt-0.22_G	TARA_R100001039
TARA_070_SRF_0.22-0.45_G	TARA_Y100000768
TARA_070_SRF_0.22-3_G	TARA_B100000459
TARA_070_SRF_0.22-3_T	TARA_B100000457
TARA_070_SRF_0.45-0.8_G	TARA_Y100000766
TARA_070_SRF_lt-0.22_G	TARA_R100001015
TARA_071_SRF_0.22-3_T	TARA_B100000436
TARA_072_DCM_0.22-3_G	TARA_B100000427
TARA_072_DCM_0.22-3_T	TARA_B100000422
TARA_072_DCM_lt-0.22_G	TARA_R100001082
TARA_072_MES_0.22-3_G	TARA_B100000508
TARA_072_MES_lt-0.22_G	TARA_R100001086
TARA_072_SRF_0.22-3_G	TARA_B100000424
TARA_072_SRF_0.22-3_T	TARA_B100000420
TARA_072_SRF_lt-0.22_G	TARA_R100001079
TARA_076_DCM_0.22-0.45_G	TARA_Y100000817
TARA_076_DCM_0.22-3_G	TARA_B100000519
TARA_076_DCM_0.22-3_T	TARA_B100000515
TARA_076_DCM_0.45-0.8_G	TARA_Y100000814
TARA_076_DCM_lt-0.22_G	TARA_R100001129
TARA_076_MES_0.22-3_G	TARA_B100000749
TARA_076_MES_0.22-3_T	TARA_B100000747
TARA_076_MES_0.45-0.8_G	TARA_Y100000815
TARA_076_MES_lt-0.22_G	TARA_R100001132
TARA_076_SRF_0.22-0.45_G	TARA_Y100000816
TARA_076_SRF_0.22-3_G	TARA_B100000513
TARA_076_SRF_0.22-3_T	TARA_B100000513
TARA_076_SRF_0.45-0.8_G	TARA_Y100000813
TARA_076_SRF_lt-0.22_G	TARA_R100001126
TARA_078_DCM_0.22-0.45_G	TARA_Y100000996
TARA_078_DCM_0.22-3_G	TARA_B100000530
TARA_078_DCM_0.22-3_T	TARA_B100000526
TARA_078_DCM_0.45-0.8_G	TARA_Y100000994
TARA_078_DCM_lt-0.22_G	TARA_R100001163
TARA_078_MES_0.22-3_G	TARA_B100000745
TARA_078_MES_0.45-0.8_G	TARA_Y100001001
TARA_078_MES_lt-0.22_G	TARA_R100001143
TARA_078_SRF_0.22-0.45_G	TARA_Y100000992
TARA_078_SRF_0.22-3_G	TARA_B100000524
TARA_078_SRF_0.22-3_T	TARA_B100000524
TARA_078_SRF_0.45-0.8_G	TARA_Y100000991
TARA_078_SRF_lt-0.22_G	TARA_R100001224
TARA_080_SRF_0.22-3_T	TARA_B100000713
TARA_081_DCM_0.22-3_T	TARA_B100000834
TARA_081_SRF_0.22-3_T	TARA_B100000832
TARA_082_DCM_0.22-3_G	TARA_B100000767
TARA_082_DCM_0.22-3_T	TARA_B100000767
TARA_082_DCM_lt-0.22_G	TARA_R100000544
TARA_082_SRF_0.22-3_G	TARA_B100000768
TARA_082_SRF_0.22-3_T	TARA_B100000768
TARA_082_SRF_lt-0.22_G	TARA_R100000541
TARA_083_SRF_0.22-3_T	TARA_B100000765
TARA_084_SRF_0.22-3_G	TARA_B100000780
TARA_084_SRF_0.22-3_T	TARA_B100000780
TARA_084_SRF_lt-0.22_G	TARA_R100000935
TARA_085_DCM_0.22-3_G	TARA_B100000795
TARA_085_DCM_0.22-3_T	TARA_B100000795
TARA_085_DCM_lt-0.22_G	TARA_R100001377
TARA_085_MES_0.22-3_G	TARA_B100000809
TARA_085_MES_lt-0.22_G	TARA_R100001244
TARA_085_SRF_0.22-3_G	TARA_B100000787
TARA_085_SRF_0.22-3_T	TARA_B100000787
TARA_085_SRF_lt-0.22_G	TARA_R100001369
TARA_086_DCM_0.22-3_T	TARA_B100000813
TARA_086_SRF_0.22-3_T	TARA_B100000811
TARA_087_SRF_0.22-3_T	TARA_B100000562
TARA_088_SRF_0.22-3_T	TARA_B100000851
TARA_089_SRF_0.22-3_T	TARA_B100000858
TARA_090_SRF_0.22-3_T	TARA_B100000801
TARA_091_SRF_0.22-3_T	TARA_B100000865
TARA_092_SRF_0.22-3_T	TARA_B100000872
TARA_093_DCM_0.22-3_G	TARA_B100001059
TARA_093_DCM_0.22-3_T	TARA_B100001061
TARA_093_SRF_0.22-3_G	TARA_B100001063
TARA_093_SRF_0.22-3_T	TARA_B100001064
TARA_094_SRF_0.22-3_G	TARA_B100001057
TARA_096_DCM_0.22-3_T	TARA_B100000987
TARA_096_SRF_0.22-3_G	TARA_B100000989
TARA_096_SRF_0.22-3_T	TARA_B100000986
TARA_097_DCM_0.22-3_T	TARA_B100000973
TARA_097_MES_0.22-3_T	TARA_B100001000
TARA_097_SRF_0.22-3_T	TARA_B100000994
TARA_098_DCM_0.22-3_G	TARA_B100001029
TARA_098_DCM_0.22-3_T	TARA_B100001033
TARA_098_MES_0.22-3_G	TARA_B100001013
TARA_098_MES_0.22-3_T	TARA_B100001010
TARA_098_SRF_0.22-3_G	TARA_B100001027
TARA_098_SRF_0.22-3_T	TARA_B100001031
TARA_099_SRF_0.22-3_G	TARA_B100000886
TARA_099_SRF_0.22-3_T	TARA_B100000885
TARA_100_DCM_0.22-3_G	TARA_B100000965
TARA_100_DCM_0.22-3_T	TARA_B100000965
TARA_100_DCM_lt-0.22_G	TARA_R100001443
TARA_100_MES_0.22-3_G	TARA_B100000959
TARA_100_MES_0.22-3_T	TARA_B100000959
TARA_100_MES_lt-0.22_G	TARA_R100001530
TARA_100_SRF_0.22-3_G	TARA_B100000963
TARA_100_SRF_0.22-3_T	TARA_B100000963
TARA_100_SRF_lt-0.22_G	TARA_R100001440
TARA_102_DCM_0.22-3_G	TARA_B100000902
TARA_102_DCM_0.22-3_T	TARA_B100000902
TARA_102_DCM_lt-0.22_G	TARA_R100001463
TARA_102_MES_0.22-3_G	TARA_B100000953
TARA_102_MES_0.22-3_T	TARA_B100000953
TARA_102_MES_lt-0.22_G	TARA_R100001480
TARA_102_SRF_0.22-3_G	TARA_B100000900
TARA_102_SRF_0.22-3_T	TARA_B100000900
TARA_102_SRF_lt-0.22_G	TARA_R100001460
TARA_106_DCM_0.22-3_T	TARA_B100000918
TARA_106_MES_0.22-3_T	TARA_B100000920
TARA_106_SRF_0.22-3_T	TARA_B100000916
TARA_109_DCM_0.22-3_G	TARA_B100000927
TARA_109_DCM_0.22-3_T	TARA_B100000927
TARA_109_DCM_lt-0.22_G	TARA_R100001510
TARA_109_MES_0.22-3_G	TARA_B100000929
TARA_109_MES_0.22-3_T	TARA_B100000929
TARA_109_SRF_0.22-3_G	TARA_B100000925
TARA_109_SRF_0.22-3_T	TARA_B100000925
TARA_109_SRF_lt-0.22_G	TARA_R100001509
TARA_110_DCM_0.22-3_G	TARA_B100001113
TARA_110_DCM_0.22-3_T	TARA_B100001111
TARA_110_MES_0.22-3_G	TARA_B100001079
TARA_110_MES_0.22-3_T	TARA_B100001076
TARA_110_SRF_0.22-3_G	TARA_B100001109
TARA_110_SRF_0.22-3_T	TARA_B100001107
TARA_111_DCM_0.22-3_G	TARA_B100000579
TARA_111_DCM_0.22-3_T	TARA_B100000579
TARA_111_DCM_lt-0.22_G	TARA_R100000655
TARA_111_MES_0.22-3_G	TARA_B100000586
TARA_111_MES_lt-0.22_G	TARA_R100000656
TARA_111_SRF_0.22-3_G	TARA_B100000575
TARA_111_SRF_0.22-3_T	TARA_B100000575
TARA_111_SRF_lt-0.22_G	TARA_R100000654
TARA_112_DCM_0.22-3_G	TARA_B100000945
TARA_112_DCM_0.22-3_T	TARA_B100000943
TARA_112_MES_0.22-3_G	TARA_B100000949
TARA_112_SRF_0.22-3_G	TARA_B100000941
TARA_112_SRF_0.22-3_T	TARA_B100000939
TARA_113_SRF_0.22-3_T	TARA_B100000593
TARA_122_DCM_0.1-0.22_G	TARA_Y100001973
TARA_122_DCM_0.22-0.45_G	TARA_Y100001970
TARA_122_DCM_0.22-3_G	TARA_B100000700
TARA_122_DCM_0.22-3_T	TARA_B100000700
TARA_122_DCM_0.45-0.8_G	TARA_Y100001968
TARA_122_DCM_lt-0.22_G	TARA_R100000664
TARA_122_MES_0.1-0.22_G	TARA_Y100001951
TARA_122_MES_0.22-0.45_G	TARA_Y100001949
TARA_122_MES_0.22-3_G	TARA_B100000678
TARA_122_MES_0.22-3_T	TARA_B100000678
TARA_122_MES_0.45-0.8_G	TARA_Y100001947
TARA_122_MES_lt-0.22_G	TARA_R100000687
TARA_122_SRF_0.1-0.22_G	TARA_Y100001972
TARA_122_SRF_0.22-0.45_G	TARA_Y100001980
TARA_122_SRF_0.22-3_G	TARA_B100001115
TARA_122_SRF_0.22-3_T	TARA_B100001115
TARA_122_SRF_0.45-0.8_G	TARA_Y100001978
TARA_122_SRF_lt-0.22_G	TARA_R100000657
TARA_123_MIX_0.1-0.22_G	TARA_Y100001963
TARA_123_MIX_0.22-0.45_G	TARA_Y100001960
TARA_123_MIX_0.22-3_G	TARA_B100000686
TARA_123_MIX_0.22-3_T	TARA_B100000686
TARA_123_MIX_0.45-0.8_G	TARA_Y100001956
TARA_123_MIX_lt-0.22_G	TARA_R100001594
TARA_123_SRF_0.22-0.45_G	TARA_Y100001958
TARA_123_SRF_0.22-3_G	TARA_B100000683
TARA_123_SRF_0.22-3_T	TARA_B100000683
TARA_123_SRF_0.45-0.8_G	TARA_Y100001954
TARA_123_SRF_lt-0.22_G	TARA_R100001591
TARA_124_MIX_0.1-0.22_G	TARA_Y100001938
TARA_124_MIX_0.22-0.45_G	TARA_Y100001936
TARA_124_MIX_0.22-3_G	TARA_B100000676
TARA_124_MIX_0.22-3_T	TARA_B100000676
TARA_124_MIX_0.45-0.8_G	TARA_Y100001934
TARA_124_MIX_lt-0.22_G	TARA_R100000700
TARA_124_SRF_0.1-0.22_G	TARA_Y100001937
TARA_124_SRF_0.22-0.45_G	TARA_Y100001935
TARA_124_SRF_0.22-3_G	TARA_B100000674
TARA_124_SRF_0.22-3_T	TARA_B100000674
TARA_124_SRF_0.45-0.8_G	TARA_Y100001933
TARA_124_SRF_lt-0.22_G	TARA_R100000697
TARA_125_MIX_0.1-0.22_G	TARA_Y100000593
TARA_125_MIX_0.22-0.45_G	TARA_Y100000591
TARA_125_MIX_0.22-3_G	TARA_B100001123
TARA_125_MIX_0.22-3_T	TARA_B100001123
TARA_125_MIX_0.45-0.8_G	TARA_Y100000589
TARA_125_MIX_lt-0.22_G	TARA_R100000808
TARA_125_SRF_0.1-0.22_G	TARA_Y100000592
TARA_125_SRF_0.22-0.45_G	TARA_Y100000590
TARA_125_SRF_0.22-3_G	TARA_B100001121
TARA_125_SRF_0.22-3_T	TARA_B100001121
TARA_125_SRF_0.45-0.8_G	TARA_Y100000588
TARA_125_SRF_lt-0.22_G	TARA_R100000805
TARA_127_DCM_0.22-3_T	TARA_B100001230
TARA_127_SRF_0.22-3_T	TARA_B100001228
TARA_128_DCM_0.22-3_G	TARA_B100000614
TARA_128_DCM_0.22-3_T	TARA_B100000611
TARA_128_SRF_0.22-3_G	TARA_B100000609
TARA_128_SRF_0.22-3_T	TARA_B100000603
TARA_129_DCM_0.22-3_T	TARA_B100000624
TARA_129_SRF_0.22-3_T	TARA_B100000622
TARA_131_DCM_0.22-3_T	TARA_B100000639
TARA_131_MES_0.22-3_T	TARA_B100000651
TARA_131_SRF_0.22-3_T	TARA_B100000637
TARA_132_DCM_0.22-3_G	TARA_B100001250
TARA_132_DCM_0.22-3_T	TARA_B100000660
TARA_132_MES_0.22-3_G	TARA_B100001245
TARA_132_MES_0.22-3_T	TARA_B100001242
TARA_132_SRF_0.22-3_G	TARA_B100001248
TARA_132_SRF_0.22-3_T	TARA_B100000658
TARA_133_DCM_0.22-3_G	TARA_B100001094
TARA_133_DCM_0.22-3_T	TARA_B100001090
TARA_133_MES_0.22-3_G	TARA_B100001105
TARA_133_SRF_0.22-3_G	TARA_B100001093
TARA_133_SRF_0.22-3_T	TARA_B100001089
TARA_134_SRF_0.22-3_T	TARA_B100001261
TARA_135_DCM_0.22-3_T	TARA_B100001263
TARA_135_SRF_0.22-3_T	TARA_B100001275
TARA_136_SRF_0.22-3_T	TARA_B100001977
TARA_137_DCM_0.22-3_G	TARA_B100001964
TARA_137_DCM_0.22-3_T	TARA_B100001964
TARA_137_DCM_lt-0.22_G	TARA_R100000742
TARA_137_MES_0.22-3_G	TARA_B100001971
TARA_137_MES_0.22-3_T	TARA_B100001971
TARA_137_MES_lt-0.22_G	TARA_R100000750
TARA_137_SRF_0.22-3_G	TARA_B100001287
TARA_137_SRF_0.22-3_T	TARA_B100001287
TARA_137_SRF_lt-0.22_G	TARA_R100000734
TARA_138_DCM_0.22-3_G	TARA_B100001996
TARA_138_DCM_0.22-3_T	TARA_B100001996
TARA_138_DCM_lt-0.22_G	TARA_R100000781
TARA_138_MES_0.22-3_G	TARA_B100002003
TARA_138_MES_0.22-3_T	TARA_B100002003
TARA_138_MES_lt-0.22_G	TARA_R100000789
TARA_138_SRF_0.22-3_G	TARA_B100001989
TARA_138_SRF_0.22-3_T	TARA_B100001989
TARA_138_SRF_lt-0.22_G	TARA_R100000773
TARA_139_SRF_0.22-3_T	TARA_B100002010
TARA_140_SRF_0.22-3_G	TARA_B100002019
TARA_140_SRF_0.22-3_T	TARA_B100002017
TARA_141_SRF_0.22-3_G	TARA_B100001939
TARA_141_SRF_0.22-3_T	TARA_B100001937
TARA_142_DCM_0.22-3_G	TARA_B100002052
TARA_142_DCM_0.22-3_T	TARA_B100002056
TARA_142_MES_0.22-3_G	TARA_B100002049
TARA_142_MES_0.22-3_T	TARA_B100002046
TARA_142_SRF_0.22-3_G	TARA_B100002051
TARA_142_SRF_0.22-3_T	TARA_B100002054
TARA_143_DCM_0.22-3_T	TARA_B100001217
TARA_143_SRF_0.22-3_T	TARA_B100001215
TARA_144_SRF_0.22-3_T	TARA_B100001196
TARA_145_MES_0.22-3_G	TARA_B100001146
TARA_145_MES_0.22-3_T	TARA_B100001139
TARA_145_SRF_0.22-3_G	TARA_B100001142
TARA_145_SRF_0.22-3_T	TARA_B100001135
TARA_146_MES_0.22-3_G	TARA_B100001167
TARA_146_SRF_0.22-3_G	TARA_B100001540
TARA_147_SRF_0.22-3_T	TARA_B100001158
TARA_148_SRF_0.22-3_G	TARA_B100001741
TARA_148_SRF_0.22-3_T	TARA_B100001741,TARA_B100001742
TARA_148b_MES_0.22-3_G	TARA_B100001750
TARA_148b_MES_0.22-3_T	TARA_B100001750
TARA_149_MES_0.22-3_G	TARA_B100001765
TARA_149_MES_0.22-3_T	TARA_B100001765
TARA_149_SRF_0.22-3_G	TARA_B100001758
TARA_149_SRF_0.22-3_T	TARA_B100001758
TARA_150_DCM_0.22-3_G	TARA_B100001778
TARA_150_DCM_0.22-3_T	TARA_B100001776
TARA_150_SRF_0.22-3_G	TARA_B100001769
TARA_150_SRF_0.22-3_T	TARA_B100001769,TARA_B100001770
TARA_151_DCM_0.22-3_G	TARA_B100001559
TARA_151_DCM_0.22-3_T	TARA_B100001557
TARA_151_SRF_0.22-3_G	TARA_B100001564
TARA_151_SRF_0.22-3_T	TARA_B100001564,TARA_B100001565
TARA_152_MES_0.22-3_G	TARA_B100001179
TARA_152_MIX_0.22-3_G	TARA_B100001175
TARA_152_MXL_0.22-3_T	TARA_B100001171,TARA_B100001802,TARA_B100002031
TARA_152_SRF_0.22-3_G	TARA_B100001173
TARA_152_SRF_0.22-3_T	TARA_B100001297
TARA_153_MXL_0.22-3_T	TARA_B100001788,TARA_B100002033
TARA_155_DCM_0.22-3_G	TARA_B110000008
TARA_155_DCM_0.22-3_T	TARA_B110001437
TARA_155_DCM_lt-0.22_G	TARA_R110002012
TARA_155_MES_0.22-3_G	TARA_B110000014
TARA_155_MES_lt-0.22_G	TARA_R110002020
TARA_155_SRF_0.22-3_G	TARA_B110000003
TARA_155_SRF_0.22-3_T	TARA_B110001435
TARA_155_SRF_lt-0.22_G	TARA_R110002003
TARA_158_DCM_0.22-3_G	TARA_B110001452
TARA_158_DCM_0.22-3_T	TARA_B110001446
TARA_158_DCM_lt-0.22_G	TARA_R110002050
TARA_158_MES_0.22-3_G	TARA_B110001454
TARA_158_MES_lt-0.22_G	TARA_R110002051
TARA_158_SRF_0.22-3_G	TARA_B110001450
TARA_158_SRF_0.22-3_T	TARA_B110001444
TARA_158_SRF_lt-0.22_G	TARA_R110002049
TARA_163_MES_0.22-3_G	TARA_B110000196
TARA_163_MES_0.22-3_T	TARA_B110000200
TARA_163_MES_lt-0.22_G	TARA_R110002060
TARA_163_SRF_0.22-3_G	TARA_B110001469
TARA_163_SRF_0.22-3_T	TARA_B110001467
TARA_163_SRF_lt-0.22_G	TARA_R110002033
TARA_168_DCM_0.22-3_G	TARA_B110000046
TARA_168_DCM_0.22-3_T	TARA_B110000044
TARA_168_DCM_lt-0.22_G	TARA_R110002073
TARA_168_IZZ_0.22-3_G	TARA_B110000037
TARA_168_IZZ_0.22-3_T	TARA_B110000035
TARA_168_IZZ_lt-0.22_G	TARA_R110002074
TARA_168_SRF_0.22-3_G	TARA_B110000027
TARA_168_SRF_0.22-3_T	TARA_B110000023
TARA_168_SRF_lt-0.22_G	TARA_R110002072
TARA_173_DCM_0.22-3_G	TARA_B110000093
TARA_173_DCM_0.22-3_T	TARA_B110000085
TARA_173_DCM_lt-0.22_G	TARA_R110002096
TARA_173_IZZ_0.22-3_G	TARA_B110000091
TARA_173_SRF_0.22-3_G	TARA_B110000090
TARA_173_SRF_0.22-3_T	TARA_B110000083
TARA_173_SRF_lt-0.22_G	TARA_R110002095
TARA_175_IZZ_0.22-3_T	TARA_B110000122
TARA_175_IZZ_lt-0.22_G	TARA_R110002094
TARA_175_SRF_0.22-3_G	TARA_B110000114
TARA_175_SRF_0.22-3_T	TARA_B110000110
TARA_175_SRF_lt-0.22_G	TARA_R110002110
TARA_175_ZZZ_0.22-3_G	TARA_B110000116
TARA_175_ZZZ_0.22-3_T	TARA_B110000112
TARA_175_ZZZ_lt-0.22_G	TARA_R110002111
TARA_178_SRF_0.22-3_G	TARA_B110000208
TARA_178_SRF_0.22-3_T	TARA_B110000204
TARA_178_SRF_lt-0.22_G	TARA_R110002124
TARA_180_SRF_0.22-3_G	TARA_B110000503
TARA_180_SRF_0.22-3_T	TARA_B110000501
TARA_180_SRF_lt-0.22_G	TARA_R110000868
TARA_180_ZZZ_0.22-3_G	TARA_B110000211
TARA_180_ZZZ_0.22-3_T	TARA_B110000206
TARA_180_ZZZ_lt-0.22_G	TARA_R110002126
TARA_188_DCM_0.22-3_G	TARA_B110000240
TARA_188_DCM_0.22-3_T	TARA_B110000235
TARA_188_DCM_lt-0.22_G	TARA_R110000851
TARA_188_SRF_0.22-3_G	TARA_B110000238
TARA_188_SRF_0.22-3_T	TARA_B110000233
TARA_188_SRF_lt-0.22_G	TARA_R110000850
TARA_189_DCM_0.22-3_G	TARA_B110000261
TARA_189_DCM_0.22-3_T	TARA_B110000255
TARA_189_DCM_lt-0.22_G	TARA_R110000823
TARA_189_MES_0.22-3_G	TARA_B110000263
TARA_189_MES_lt-0.22_G	TARA_R110000824
TARA_189_SRF_0.22-3_G	TARA_B110000259
TARA_189_SRF_0.22-3_T	TARA_B110000253
TARA_189_SRF_lt-0.22_G	TARA_R110000822
TARA_189_ZZZ_0.22-3_T	TARA_B110000257
TARA_191_SRF_0.22-3_G	TARA_B110000285
TARA_191_SRF_0.22-3_T	TARA_B110000283
TARA_191_SRF_lt-0.22_G	TARA_R110000803
TARA_193_SRF_0.22-3_G	TARA_B110000977
TARA_193_SRF_0.22-3_T	TARA_B110000975
TARA_193_SRF_lt-0.22_G	TARA_R110000796
TARA_194_DCM_0.22-3_G	TARA_B110000967
TARA_194_DCM_0.22-3_T	TARA_B110000966
TARA_194_DCM_lt-0.22_G	TARA_R110000787
TARA_194_SRF_0.22-3_G	TARA_B110000971
TARA_194_SRF_0.22-3_T	TARA_B110000969
TARA_194_SRF_lt-0.22_G	TARA_R110000782
TARA_196_SRF_0.22-3_G	TARA_B110000305
TARA_196_SRF_0.22-3_T	TARA_B110000303
TARA_196_SRF_lt-0.22_G	TARA_R110000772
TARA_201_DCM_0.22-3_G	TARA_B110000908
TARA_201_DCM_0.22-3_T	TARA_B110000906
TARA_201_DCM_lt-0.22_G	TARA_R110000744
TARA_201_MES_0.22-3_G	TARA_B110000914
TARA_201_MES_lt-0.22_G	TARA_R110000751
TARA_201_SRF_0.22-3_G	TARA_B110000902
TARA_201_SRF_0.22-3_T	TARA_B110000901
TARA_201_SRF_lt-0.22_G	TARA_R110000737
TARA_205_MES_0.22-3_G	TARA_B110000881
TARA_205_MES_lt-0.22_G	TARA_R110000765
TARA_205_SRF_0.22-3_G	TARA_B110000879
TARA_205_SRF_0.22-3_T	TARA_B110000875
TARA_205_SRF_lt-0.22_G	TARA_R110000764
TARA_206_MES_0.22-3_G	TARA_B110000495
TARA_206_MES_0.22-3_T	TARA_B110000494
TARA_206_MES_lt-0.22_G	TARA_R110002167
TARA_206_SRF_0.22-3_G	TARA_B110000483
TARA_206_SRF_0.22-3_T	TARA_B110000481
TARA_206_SRF_lt-0.22_G	TARA_R110002153
TARA_208_SRF_0.22-3_G	TARA_B110000858
TARA_208_SRF_0.22-3_T	TARA_B110000857
TARA_208_SRF_lt-0.22_G	TARA_R110001632
TARA_209_MES_0.22-3_G	TARA_B110000467
TARA_209_MES_0.22-3_T	TARA_B110000465
TARA_209_MES_lt-0.22_G	TARA_R110001599
TARA_209_SRF_0.22-3_G	TARA_B110000459
TARA_209_SRF_0.22-3_T	TARA_B110000457
TARA_209_SRF_lt-0.22_G	TARA_R110001606
TARA_210_MES_0.22-3_G	TARA_B110000438
TARA_210_MES_0.22-3_T	TARA_B110000436
TARA_210_MES_lt-0.22_G	TARA_R110001583
TARA_210_SRF_0.22-3_G	TARA_B110000444
TARA_210_SRF_0.22-3_T	TARA_B110000442
TARA_210_SRF_lt-0.22_G	TARA_R110001592
